i	class	predictable
0	intent	partly
1	shape	yes
2	claim	yes
3	claim	yes
4	intent	partly
5	cap	yes
6	intent	yes
7	intent	partly
8	claim	yes
9	claim	yes
10	logic	partly
11	intent	partly
12	logic	partly
13	shape	yes
14	logic	partly
15	cap	yes
16	claim	yes
17	reach	yes
18	logic	partly
19	cap	yes
20	order	partly
21	order	yes
22	logic	yes
23	order	yes
24	reach	yes
25	reach	yes
26	cap	no
27	budget	yes
28	order	partly
29	shape	partly
30	budget	partly
31	shape	yes
32	budget	yes
33	order	yes
34	cap	no
35	reach	yes
36	reach	yes
37	claim	yes
38	shape	yes
39	order	yes
40	budget	yes
41	cap	yes
42	logic	partly
43	logic	partly
44	logic	yes
45	shape	partly
46	cap	yes
47	budget	yes
48	outcome	no
49	outcome	no
50	outcome	no
51	outcome	no
52	outcome	no
53	outcome	no
54	outcome	no
55	outcome	no
56	outcome	no
57	outcome	no
58	outcome	no
59	outcome	no
60	outcome	no
61	outcome	no
62	outcome	no
63	order	partly
64	outcome	no
65	outcome	no
66	cap	partly
67	outcome	no
68	budget	partly
69	budget	partly
70	budget	partly
71	outcome	no
72	outcome	no
73	outcome	no
74	outcome	no
75	outcome	no
76	outcome	no
77	order	yes
78	intent	partly
79	intent	partly
80	claim	yes
81	claim	partly
82	claim	yes
83	claim	yes
84	logic	partly
85	cap	partly
86	claim	yes
87	claim	yes
88	claim	yes
89	claim	yes
90	claim	yes
91	claim	yes
92	intent	partly
93	claim	partly
94	intent	partly
95	claim	yes
96	intent	partly
97	intent	partly
98	intent	partly
99	logic	yes
100	outcome	no
101	budget	yes
102	outcome	no
103	budget	yes
104	budget	yes
105	outcome	no
106	outcome	no
107	logic	partly
108	cap	yes
109	intent	partly
110	logic	partly
111	claim	yes
112	outcome	no
113	shape	partly
114	budget	yes
115	logic	partly
116	claim	partly
117	budget	partly
118	claim	yes
119	logic	yes
120	cap	no
121	claim	yes
122	logic	partly
123	logic	yes
124	outcome	no
125	order	yes
126	logic	partly
127	budget	yes
128	order	yes
129	reach	partly
130	outcome	no
131	logic	partly
132	logic	yes
133	shape	yes
134	logic	yes
135	outcome	no
136	shape	yes
137	order	partly
138	claim	yes
139	outcome	no
140	logic	yes
141	logic	partly
142	logic	yes
143	reach	yes
144	logic	partly
145	logic	partly
146	claim	yes
